1000 Standard Roman Word List-Asim Karim,???,Aerabs,,,
aahatt,???,????,   ,,
aahistah,?????,????????,   ,,
 aasoodagi,??????,????????,   ,,
afsos,?????,??????,   ,,
aalam,????,??????,   ,,
araq,???,?????, ,,
abhi,????,?????,,,
asa,???,????,   ,,
ata,???,????,   ,,
aql,???,????,   ,,
asmat,????,?????,   ,,
amaanat,?????,???????,   ,,
amaan,????,?????, ,,
anjaan,?????,??????,,,
aab,?? ,?? ,,,
adam(alif madda doublle ---- aa),???,????,,,
aadil,????,?????,   ,,
aafreedi,??????,???????,   ,,
aafreen,?????,??????, ,,
aakhiri,????,?????,,,
aaloodah (paish wooo-----oo),?????,???????,,,
aasteen  (tay ka neechay zair-----te ),?????,??????,   ,,
aamlah,????,?????,   ,,
adaalat,?????,??????,   ,,
aamad,???,????,   ,,
aalu  (paish wooo-----oo),???,????,   ,,
aalim,????,?????,   ,,
aanchal,????,?????,   ,,
ammi,???,?????,   ,,
aayat,???,????,   ,,
aatish (tay ka neechay zair-----te ),???,????,   ,,
asad,???,?????,   ,,
adaalat,?????,???????,   ,,
aalia (yay zabar hay single word  rule ban sakta ha kya---a   ),?????,???????,   ,,
arsah,????,??????,   ,,
aks,???,????,   ,,
arz,???,????,   ,,
aamaal,?????,??????,,,
aazmoodah,??????,????????,,,
azra,????,?????,,,
aawaarah,?????,??????, ,,
azm,???,????,,,
ateeq(tay ka neechay zair-----te ),????,??????,,,
adhoora,??????,????????,,,
aurat,????,??????,,,
aeni,????,?????,,,
aurton,?????? ,??????? ,,,
aameen,????,?????,,,
aajizi,?????,??????,,,
azeem,????,??????,,,
azal,???,????,,,
aakhir,???,????,,,
anjaam,?????,??????,,,
aasif,???,????,,,
afsaanah,??????,????????,,,
azeez,????,??????,,,
aehtiraam (tay ka neechay zair-----te ),??????,????????,,,
aham,???,????,,,
ashraf,????,?????,,,
ayyoob(shad yay rule ban sakta ha kya--yy),????,???????,,,
aehtisaab(tay ka neechay zair-----te ),??????,????????,,,
aehwaal,?????,??????,,,
azal,???,?????,,,
azfar,????,?????,,,
baabul,????,?????,,,
beemaari,?????? ,??????? ,,,
batti,???,?????,,,
baarik,????,?????,,,
bin,??,???,,,
bakri,????,?????,,,
bar,??,???,,,
basti,????,?????,,,
baakhabar,?????,???????,,,
bitaana,?????,??????,,,
bandagi,?????,???????,,,
bandar,????,??????,,,
badalnay,?????,???????,,,
baabu,????,?????,,,
badla,????,?????,,,
bachat,???,?????,,,
bura,???,????,,,
baadal,????,?????,,,
barsaat,?????,??????,,,
barkat,????,??????,,,
baawujood,??????,????????,,,
bhaarat,?????,??????,,,
barri,???,????,,,
botal,????,?????,,,
bharam,????,??????,,,
bahtar,????,??????,,,
baatil,????,?????,,,
baahir,????,?????,,,
baatin,????,?????,,,
bu,??,???,,,
bacha,???,????,,,
billi,???,????,,,
band,???,????,,,
bahaadur,?????,???????,,,
booty,????,?????,,,
buzurg,????,??????,,,
buzurgon,??????,????????,,,
bol,???,????,,,
chaadar,????,?????,,,
choomtay,?????,??????,,,
chattni,????,?????,,,
chhurra,????,?????,,,
chakha,????,?????,,,
chhoota,?????,??????,,,
chhoolo,?????,??????,,,
chughl,???,????,,,
chirriya,????,?????,,,
chakkar,???,??????,,,
chhutta,????,?????,,,
cheez,???,????,,,
chiraagh,????,?????,,,
churrael,????,??????,,,
chicken,???,?????,,,
chitthi,????,??????,,,
chakki,???,?????,,,
chillaao,????,??????,,,
chamak,???,?????,,,
chaman,???,?????,,,
chawal,????,?????,,,
cheeta,????,?????,,,
chheen,?????,??????,,,
chhupaana,??????,???????,   ,,
cheeni,????,?????,   ,,
chahra,?????,?????,   ,,
choosa,????,?????,   ,,
choostay,?????,??????, ,,
chal,??,???,   ,,
chooha,????,?????,   ,,
chappa,???,?????,   ,,
chanda,????,?????,   ,,
chappal,???,??????,   ,,
chhutti,????,?????,   ,,
choor,???,????,   ,,
chhurra,????,??????,   ,,
choocha,????,?????,   ,,
choolha,?????,??????,   ,,
dastak,????,??????,   ,,
dastah,????,??????,   ,,
dab,??,???,   ,,
dua,???,????,   ,,
deewaali,??????,???????,   ,,
dilkash,????,??????,   ,,
dard,??? ,????,   ,,
deen,??? ,????,   ,,
daba,??? ,????,   ,,
dafah,???? ,??????,   ,,
darakht,???? ,??????,,,
dafna,????,?????, ,,
dum,??,???,   ,,
durust,???? ,??????,   ,,
dam,??,???,   ,,
dhoom,????,?????,   ,,
darwaazay,??????,???????,   ,,
daulat,???? ,?????? ,   ,,
darwaish,????? ,?????? ,   ,,
dhund,????,?????,   ,,
dain,??? ,???? ,   ,,
daina,???? ,????? ,   ,,
dharrkan,????? ,??????? ,   ,,
daingay,?????,?????? ,   ,,
dimaagh,????,?????,   ,,
dainay,???? ,????? ,   ,,
damah,???,?????,   ,,
darzi,???? ,????? ,   ,,
darya,???? ,????? ,   ,,
deep,???,????,   ,,
deed,???,????,   ,,
daya,???,????,   ,,
dhamaal,????? ,?????? ,   ,,
diya,???,????,   ,,
dildaar,????? ,?????? ,,,
dastoor,????? ,??????? ,,,
doodh,???? ,?????,   ,,
deewaan,?????,?????? ,   ,,
eemaan,?????,??????,   ,,
eid,???,????,   ,,
eedi,????,?????,   ,,
eejaad,?????,??????,   ,,
esha,????,?????,   ,,
eemaandaar,????????,?????????,   ,,
eesaai,??????,???????,   ,,
eesaaiyat,???????,??????????,   ,,
ena,???,????,   ,,
eedgaah,??????,???????,   ,,
edhi,?????,??????, ,,
eesawi,?????,??????,,,
eemaani,??????,???????,,,
eendhan,??????,????????,,,
eesa,????,?????,   ,,
eedon,?????,??????,   ,,
eid_ul_fitr,????????,???????????,   ,,
eid_ul_adha,?????????,????????????,   ,,
eedmubaarak,????????,???????????,   ,,
eesaaiyon,????????,??????????,   ,,
fikr,???,????,   ,,
fazeelat,?????,???????,   ,,
fitrat,????,??????,,,
farishta,????? ,???????? ,   ,,
farah,??? ,????? , ,,
faasilay,?????,??????,   ,,
fauji,???? ,????? ,   ,,
faraaz,???? ,?????,   ,,
falaah,????,?????,   ,,
falak,???,?????,   ,,
farishtay,????? ,???????,   ,,
fasaad,????,?????,   ,,
fasl,???,????,   ,,
farmaaya,??????,???????,   ,,
faatihah,?????,??????,   ,,
faalij,????,?????,   ,,
farrukh,???,??????,   ,,
fankaar,?????,??????,   ,,
farokht,?????,??????,   ,,
faqat,???,?????,   ,,
farma,????,?????,   ,,
faarooq,?????,??????,   ,,
fursat,???? ,??????,   ,,
faraaiz,?????,??????,   ,,
firaar,????,?????,   ,,
farq,??? ,???? ,   ,,
fahd,???,????,   ,,
faarigh,????,?????,   ,,
fareed,????,??????,   ,,
farhaan,?????,??????, ,,
farsh,???,????,,,
faryaad,?????,??????,,,
farhat,????,??????,,,
faqeer,???? ,?????? ,,,
faza,???,????,,,
fajr,???,????,,,
fana,??? ,???? ,,,
fakhr,??? ,???? ,,,
fuzool,???? ,?????? ,,,
gapshap,?? ??,??? ???,,,
gul,??,???,   ,,
ghusa,??? ,?????,   ,,
geet,???,????,   ,,
ghuroor,???? ,??????, ,,
gulistaan,??????,????????, ,,
gardish,????,??????,,,
gamla,????,?????,,,
ghalat,??? ,?????,,,
giriftaar,??????,????????,,,
garm,??? ,???? ,,,
gunaah,????,?????,,,
ganja,???? ,?????,   ,,
gand,???,????,   ,,
ghaerat,????,??????,   ,,
guftaar,?????,??????,   ,,
gard,???,????,,,
guraiz,????,?????,,,
ghusl,???,????,,,
gulshan,????,??????, ,,
gulaab,????,?????,,,
gira,???,????,,,
gasht,???,????,,,
gaajar,???? ,????? ,,,
gaz,?? ,???,   ,,
ghazal,??? ,????? ,   ,,
goonj,????,?????,,,
gum,??,???, ,,
guru,???,????,,,
gharq,??? ,????,,,
gharaz,???,?????, ,,
girta,????,?????, ,,
gardan,????,??????,,,
guftgu,?????,???????,,,
gumbad,????,??????,,,
gumnaam,?????,??????,,,
gawaahi,?????,??????,,,
guzaarish,????? ,???????,,,
ghaleez,????, ??????,   ,,
gustaakh,????? ,??????,   ,,
haram,???,?????,,,
hoor,??? ,????,,,
huqooq,???? ,??????,,,
hasad,???,?????,,,
hasrat,????,??????,,,
hauz,??? ,????,,,
haftay,???? ,?????,,,
had,??,???,,,
haraarat,?????,???????,,,
haqeer,????,??????,,,
hisaab,????,?????, ,,
haajat,???? ,????? ,,,
half,???,????,,,
haeraan,????? ,?????? ,,,
haesiyat,?????,????????,,,
haraam,????,?????,,,
haatim,????,?????,,,
huroof,????,??????,,,
hijaab,????,?????,,,
hikaayat,?????,???????,,,
hayaat,????,?????,   ,,
halqah,????,?????,   ,,
harf,???,????,   ,,
his,??,???,   ,,
hawwa,???,?????,   ,,
hausalah,?????,????????,   ,,
hoshyaari,??????,???????, ,,
hilaal,????,?????,   ,,
himaayat,?????,??????,   ,,
hukm,???,????,   ,,
hujoom,???? ,?????? ,   ,,
haazir,???? ,????? ,   ,,
hazm,??? ,????,   ,,
hansna,?????,??????,   ,,
huzoor,???? ,?????? ,   ,,
hazraat,?????,??????,   ,,
hakeem,????,??????,   ,,
hukoomat,????? ,???????? ,   ,,
itr,???,????,   ,,
inaam,?????,??????,   ,,
islaami,??????,???????,   ,,
islaamiyat,????????,?????????,   ,,
inkaar,?????,??????,   ,,
insaani,??????,???????,   ,,
inqilaab,??????,???????,   ,,
ismaaeel,???????,?????????,,,
ibaadat,????? ,??????? ,,,
iraaqi,?????,??????,   ,,
insaaf,?????,??????,   ,,
intizaar,??????,????????,   ,,
itwaar,?????,??????,   ,,
iwaz,???,?????,   ,,
izzat,???,??????,   ,,
ishq,??? ,???? ,   ,,
intiqaam,??????,????????,   ,,
insha,?????,??????,   ,,
ishrat,????,??????,   ,,
izaafi,?????,??????,   ,,
intizaamiyah,????????,????????????,   ,,
insaan,????? ,?????? ,   ,,
itar,???,????,   ,,
iqraar,?????,??????,   ,,
imraan,?????,??????,   ,,
iraadah,?????,???????,   ,,
islam,????? ,?????? ,   ,,
israafeel,???????,?????????,   ,,
ilaaj,????,?????,,,
ilaahi,????,?????,,,
irsaal,?????,??????,,,
israar,????? ,?????? ,   ,,
inshaaallaah,????????,???????????,   ,,
irshaad,?????,??????,   ,,
is,??, ???,   ,,
ishaarah,?????,???????,,,
isha,???? ,????? ,   ,,
imdaad,????? ,?????? ,,,
itminaan,???????,?????????,   ,,
iztiraab,?????? ,???????? ,,,
imaam,????,?????,,,
imaarat,?????,???????,,,
ism,??? ,???? ,,,
istaemaal,???????,????????,,,
irfaan,?????,??????,   ,,
istiqaamat,???????,?????????,   ,,
ilaaqay,?????,??????,   ,,
ittihaad,?????,????????,   ,,
ittifaaq,?????,????????,   ,,
istighfaar,???????,?????????,   ,,
jeetay,???? ,????? ,   ,,
jaaiz,????,?????,   ,,
jumlah,????,?????? ,   ,,
jab,??,???,   ,,
jumah,????,??????,   ,,
jhoott,????,?????,   ,,
jihaad,???? ,????? ,   ,,
jaahil,???? ,????? ,   ,,
jama,???,????,   ,,
jeewan,????,??????,   ,,
jaaizah,?????,???????,   ,,
jahannum,???? ,???????? ,   ,,
jamaaat,?????,???????,   ,,
jalan,???,?????,   ,,
jinnaati,?????,???????, ,,
jigar,???,?????,   ,,
jaga,???,????,   ,,
jaanib,????,?????,   ,,
jalsah,????,??????,   ,,
jalaal,????,?????,   ,,
jaldi,????,?????,   ,,
jalaana,?????,??????,   ,,
just,???,????,   ,,
jurrwaan,?????,??????,   ,,
jurat,????,?????,   ,,
jawaab,????,?????,   ,,
jangli,?????,??????,   ,,
jangl,????,?????,   ,,
jhalak,???? ,?????? ,   ,,
jhoola,?????,??????,   ,,
justju,?????,???????,   ,,
juz,?? ,??? ,   ,,
jaza,??? ,???? ,   ,,
jazaakALLAH,???? ????,????? ????,   ,,
jazbah,???? ,????? ,,,
jazbaat,????? ,?????? ,   ,,
jurm,???,????,   ,,
jazbaati,?????? ,??????? ,   ,,
jurmaanah,??????,???????,   ,,
jurrna,????,?????,   ,,
khoobsoorat,???????,??????????,   ,,
khiyaanat,?????,???????,   ,,
khurram,???,??????,   ,,
khanjar,????,??????,   ,,
kidhar,???? ,????? ,   ,,
kami,???,????,   ,,
kuttay,???,?????,   ,,
kushti,????,?????,   ,,
khayaalaat,?????? ,??????? ,   ,,
kafan,??? ,???? ,   ,,
karta,????,?????,   ,,
kahaani,????? ,?????? ,   ,,
kuchh,??? ,???? , ,,
kanjoos,????? ,??????? ,   ,,
keel,??? ,???? ,   ,,
khoon,???,????,   ,,
khumaar,????,?????,   ,,
khaatir,????,?????,   ,,
khatarnaak,??????,????????,   ,,
khoosh,??? ,???? ,   ,,
khilaafat,?????,???????,   ,,
khatm,???,????,   ,,
khutbah,????,?????,   ,,
khareeda,?????,???????,,,
khalq,???,????,   ,,
kahna,????,?????,,,
kyoon,???? ,????? ,   ,,
khabri,????,?????,   ,,
kyoonkay,??????,???????,   ,,
kisaan,????,?????,   ,,
kaawish,????,?????,   ,,
khutoot,????,??????,   ,,
khuda,??? ,???? ,   ,,
kabaab,???? ,????? ,   ,,
khoob,???,????,   ,,
kab,?? ,??? ,   ,,
kabhi,???? ,????? ,   ,,
kabeer,???? ,?????? ,   ,,
kabootar,????? ,???????? ,   ,,
kabsay,?? ??,??? ??,   ,,
kachcha,???,?????,   ,,
kaaghaz,????,?????,   ,,
kachra,???? ,????? ,   ,,
khafa,???,????,   ,,
khushk,???,????,   ,,
kachray,???? ,????? ,   ,,
kufr,???,????,,,
labbaek,????,???????,   ,,
laalach,???? ,????? ,   ,,
lateefay,?????,???????,   ,,
lassi,???,?????, ,,
lifaafah,?????,??????,   ,,
laagat,????,?????,   ,,
lafz,??? ,???? ,   ,,
likhna,?????,??????,   ,,
lutt,??,???,   ,,
lagan,??? ,????? ,,,
laaparwa,??????,???????,   ,,
lagaanay,?????,??????,   ,,
latt,??,???,   ,,
lambu,????,??????,,,
loottna,?????,??????, ,,
lahjah,????,?????,   ,,
larraai,????? ,?????? ,   ,,
lambi,????,?????,   ,,
labon,????,?????,   ,,
lahu,???,?????,   ,,
liyaaqat,?????,???????,   ,,
laahaul,?????,??????,   ,,
lashkar,????,??????,   ,,
laajawaab,??????,???????,   ,,
lutf,???,????,   ,,
lazzat,???,?????,   ,,
lapaitt,????,??????,   ,,
lat,??,???,   ,,
lamhah,????,?????,   ,,
langrra,?????,??????,   ,,
lahsan,????,??????,   ,,
lahar,???,?????,   ,,
laela,????,??????,   ,,
leemu,????,??????,   ,,
lakeer,????,??????,   ,,
laaiq,????,?????,   ,,
likh,???,????,,,
lihaaza,???? ,????? ,,,
larzish,???? ,?????? ,   ,,
laazim,????,?????,   ,,
milaawatt,?????,???????,   ,,
malaaikah,??????,????????, ,,
mulaazim,?????,???????,   ,,
millat,???,?????,   ,,
malikah,????,??????,   ,,
maahaul,?????,??????,   ,,
malik,????,?????,   ,,
maalish,???? ,????? ,   ,,
mubaarak,????? ,??????? ,   ,,
mutaraadif,??????,?????????,   ,,
maail,????,?????,   ,,
muqaabil,?????,???????,   ,,
masal,???,?????,   ,,
milaap,????,?????,   ,,
malboosaat,???????,?????????,   ,,
mannat,???,??????,   ,,
man,??,???,   ,,
muaamalah,??????,????????,   ,,
munaasib,?????,???????,   ,,
muaaf,????,?????,   ,,
minnat,???,??????,   ,,
mazah,???? ,????? ,   ,,
madad,???,?????,,,
mizaaj,???? ,????? ,   ,,
mazaaq,????,?????,   ,,
mukka,???,?????,   ,,
munaadi,?????,??????,   ,,
marna,????,?????,   ,,
mahal,???,?????,   ,,
murshid,????,??????,   ,,
mushkil,????,??????,   ,,
muzdoor,????? ,??????? ,   ,,
mard,???,????,   ,,
mazeed,???? ,???? ,   ,,
mashghalah,?????,????????,   ,,
mutaabiq,?????,???????,   ,,
museebat,?????,????????,   ,,
muhim,???,?????,   ,,
mihnat,????,??????,   ,,
mamooli,?????? ,???????? ,,,
musawwir,????,????????,   ,,
maslahat,?????,????????,   ,,
naadir,????,?????,   ,,
naakhun,????,?????,   ,,
neelam,????,??????,   ,,
naukar,????,??????,   ,,
neend,???? ,????? ,   ,,
neech,???,????,   ,,
naen,???,????,   ,,
nujoomi,?????,???????,   ,,
nida,???,????,   ,,
nikaah,????,?????,   ,,
nahaari,?????,??????,   ,,
naadim,????,?????,   ,,
nahr,???,????,   ,,
nikaal,????,?????,   ,,
nafrat,????,??????,   ,,
narmi,????,?????,   ,,
naya,???,????,   ,,
naamard,?????,??????,   ,,
nikamma,????,???????,   ,,
najaat,???? ,????? ,   ,,
nabawi,????,??????,   ,,
naakaarah,??????,???????,   ,,
nabi,??? ,???? ,,,
narm,???,????,,,
naasamajh,??????,????????,,,
naseehat,?????,????????,   ,,
nashah,???,????,   ,,
nasli,????,?????,   ,,
naasoor,?????,??????,   ,,
nateejah,?????,???????,   ,,
naukari,?????,??????, ,,
nawaaza,?????,??????,   ,,
nawaasi,?????,??????,   ,,
nawaafil,?????,???????,   ,,
nigaraan,?????,???????,   ,,
naazil,????,?????,   ,,
nigaah,????,?????,   ,,
nazm,???,????,   ,,
naazim,????,?????,   ,,
nuzool,????,??????,   ,,
nabz,???,????,   ,,
nafl,???,????,   ,,
naqash,????,??????,,,
naazuk,????,?????,   ,,
nazar,??? ,????? ,   ,,
nasl,???,????,   ,,
naamahram,??????,???????,   ,,
niqaab,???? ,????? ,   ,,
naapasand,??????,????????,   ,,
nashaat,????,?????,   ,,
nasr,???,????,   ,,
naqsh,??? ,???? ,   ,,
nazimabad,???? ???? ,????? ???? ,   ,,
naahaq,????,?????,   ,,
naqshah,????,?????,   ,,
nishaan,????,?????,   ,,
naala,???? ,????? ,   ,,
nibha,????,?????,   ,,
naghmah,????,?????,   ,,
naadeedah,?????,???????,   ,,
oonchaaiyon,?????????,??????????,   ,,
ojhal,????? ,?????? ,   ,,
oonchay,????? ,?????? ,   ,,
oontt,????,?????,   ,,
ooda,????,?????,   ,,
oonchi,????? ,?????? ,   ,,
oopar,???? ,????? ,   ,,
oola,????,??????,   ,,
os,?? ,??? ,   ,,
oopri,?????,??????,   ,,
oon,???,????,   ,,
oonttni,?????,??????,   ,,
parchi,????,?????,   ,,
pukaar,????,?????,   ,,
pari,???,????,   ,,
pashtun,?????,??????,   ,,
puraana,?????,??????,   ,,
pagla,????,?????,   ,,
parwaiz,?????,??????,   ,,
parwaanah,??????,????????,   ,,
pasli,????,?????,   ,,
pinjra,?????,??????,   ,,
pata,???,????,   ,,
putla,????,?????,   ,,
patla,????,?????,   ,,
patthar,????,???????,   ,,
paraattha,??????,???????,   ,,
poochh,????,?????,   ,,
paayal,????,?????,   ,,
pooja,????,?????,   ,,
pal,?? ,??? ,   ,,
pahal,???,?????,   ,,
piyaalay,?????,??????,   ,,
paemaanay,??????,???????,   ,,
pahaili,?????,??????,   ,,
paaein,?????,??????,   ,,
paeghaam,?????,??????,   ,,
payaam,????,?????,   ,,
poora,????,?????,   ,,
pahra,????,?????,   ,,
pardah,????,?????,   ,,
pairra,?????,??????,   ,,
pahaarri,?????,??????,   ,,
parast,????,??????,   ,,
paraishaan,??????,????????,   ,,
purrya,????,?????,   ,,
panaah,????,?????,   ,,
paneer,????,??????,   ,,
phurtiyaan,???????,?????????,   ,,
pazeeraai,??????? ,????????? ,   ,,
qasaai,?????,??????,   ,,
qaaim,???? ,????? ,   ,,
qiyaamat,?????,???????,   ,,
qeemat,???? ,?????? ,   ,,
qabr,??? ,???? ,   ,,
qurbaani,??????,???????,   ,,
qiblay,???? ,????? ,   ,,
qad,?? ,??? ,   ,,
qadam,??? ,????? ,   ,,
qadr,??? ,???? ,   ,,
qadamon,????? ,??????? ,   ,,
qudrat,???? ,?????? ,   ,,
qismat,???? ,?????? ,   ,,
qalam,???,?????,   ,,
qiblah,????,?????,   ,,
qaiyoom,????,??????,   ,,
qalb,???,????,   ,,
qawwaali,?????,???????,   ,,
qareeb,???? ,?????? ,   ,,
qilah,???? ,?????? ,   ,,
qaatil,???? ,????? ,   ,,
quwwat,??? ,?????? ,   ,,
quwwatain,?????,????????,   ,,
qissah,??? ,????? ,   ,,
qaraar,???? ,????? ,   ,,
qaum,??? ,???? ,   ,,
qabool,???? ,?????? ,   ,,
qiyaam,????,?????,   ,,
qufl,??? ,???? ,   ,,
quetta,????? ,?????? ,   ,,
qurbaan,????? ,?????? ,   ,,
qaumi,???? ,????? ,   ,,
qaza,??? ,???? ,   ,,
riyaazi,?????,??????,   ,,
reechh,????,?????,   ,,
raihaan,?????,??????,   ,,
rutbah,????,?????,   ,,
raqbah,????,?????,   ,,
risaalah,?????,??????,   ,,
rasm,??? ,???? ,   ,,
raunaq,????,??????,   ,,
rawaeyah,????,???????,   ,,
rag,??,???,   ,,
rang,???,????,   ,,
rishtah,???? ,????? ,   ,,
rozah,????,?????,   ,,
rozay,????,?????,   ,,
rabt,???,????,   ,,
rassi,??? ,???? ,   ,,
raahat,????,?????,   ,,
ranj,???,????,   ,,
ramazaan,?????,???????,   ,,
rida,???,????,   ,,
roohaani,??????,???????,   ,,
raddi,???,?????,   ,,
rahm,???,????,   ,,
razzaaq,????,??????,   ,,
raahim,????,??????,   ,,
raaziq,????,?????,   ,,
reet,??? ,???? ,   ,,
rustam,????,??????,   ,,
rasool,???? ,?????? ,   ,,
raseedah,?????,???????,   ,,
ratt,??,???,   ,,
riza,??? ,???? ,   ,,
razaai,?????,??????,   ,,
rizq,???,????,   ,,
rahmat,???? ,?????? ,   ,,
rashk,???,????,   ,,
rishwat,????,??????,   ,,
rizwi,????,?????,   ,,
samundar,?????,????????,   ,,
sab,?? ,??? ,   ,,
saleem,????,??????,   ,,
sona,????,?????,   ,,
salmah,????,?????,   ,,
shakti,????,?????,   ,,
sahar,??? ,???? ,   ,,
sahna,????,?????,   ,,
siri,???,????,   ,,
sardi,????,?????,   ,,
saahil,????,?????,   ,,
sajna,???? ,????? ,   ,,
saahir,????,?????,   ,,
sahi,???,????,   ,,
subh,??? ,???? ,   ,,
sabhi,???? ,????? ,   ,,
sajan,???,?????,   ,,
sakhti,???? ,????? ,   ,,
sooraj,???? ,?????? ,   ,,
shikaar,???,?????,   ,,
simt,???,????,   ,,
shifa,???,????,   ,,
shikast,????,??????,   ,,
shukriyah,?????,???????,   ,,
salmaan,?????,??????,   ,,
shikan,???,?????,   ,,
shaahid,????,?????,   ,,
sheeshah,????,?????,   ,,
sarrak,??? ,????? ,   ,,
sambhaal,??????,???????,,,
shaekh,???,????,   ,,
saajid,????,?????,,,
sikha,???? ,????? ,   ,,
shareek,????,??????,   ,,
sunaao,????,?????,   ,,
shaamil,????,?????,   ,,
shalwaar,?????,??????,   ,,
seemaab,?????,??????,   ,,
saim,????,?????,   ,,
seema,????,?????, ,,
shiddat,??? ,?????? ,   ,,
sakoon,???? ,?????? ,   ,,
sabr,??? ,???? ,   ,,
saelaab,?????,??????,   ,,
syaana,?????,??????,   ,,
syeduna,?????,????????,   ,,
saza,??? ,???? ,   ,,
sabsay,?? ?? ,??? ?? ,   ,,
sach,?? ,??? ,   ,,
soda,????,?????,   ,,
shajar,???,?????,   ,,
sada,??? ,???? ,   ,,
sazaaein,??????,???????,   ,,
sadr,???,????,   ,,
sadiyaan,????? ,??????? ,   ,,
saf,?? ,??? ,   ,,
taajir,????,?????,   ,,
tab,?? ,??? ,   ,,
taaboot,?????,??????,   ,,
talay,???,????,   ,,
tawaaif,?????,???????,   ,,
taareeki,?????? ,??????? ,   ,,
tareef,?????,???????,   ,,
taleem,?????,???????,   ,,
taqseem,?????,???????,   ,,
tarrap,??? ,????? ,   ,,
tandoor,????? ,??????? ,   ,,
takleef,????? ,??????? ,   ,,
tang,??? ,???? ,   ,,
tanha,???? ,????? ,   ,,
tanhaai,?????? ,??????? ,   ,,
tarrpaana,??????,???????,   ,,
tameez,????,??????,   ,,
tameer,?????,??????,   ,,
taaqat,???? ,????? ,   ,,
tarrpaatay,??????,???????,   ,,
taraqqi,????? ,??????? ,   ,,
targheeb,????? ,??????? ,   ,,
talwaar,?????,??????,   ,,
taraash,????,?????,   ,,
tarsa,???? ,????? ,   ,,
tarasna,????? ,??????? ,   ,,
tarteeb,????? ,??????? ,   ,,
tasalli,???? ,??????? ,   ,,
tamaasha,?????,??????,   ,,
tamaam,????,?????,   ,,
taeyaar,????,??????,   ,,
tasweer,????? ,??????? ,   ,,
tawaaf,????,?????,   ,,
teer,???,????,   ,,
tusi,???,????,   ,,
talaash,???? ,????? ,   ,,
tazaad,???? ,????? ,   ,,
tazkirah,?????,???????,   ,,
ubal,???,?????,   ,,
unhain,????? ,?????? ,   ,,
uboor,????,??????,   ,,
uskay,???? ,????? ,   ,,
usnay,???? ,????? ,   ,,
unka,???? ,????? ,   ,,
ungli,?????,??????,   ,,
ugnay,???? ,????? ,   ,,
utar,???,????? ,   ,,
utnay,???? ,????? ,   ,,
urs,???,????,   ,,
utthta,?????,??????,   ,,
unsay,????,?????,   ,,
un,??,???,   ,,
use,???,????,   ,,
udhairr,?????,??????,   ,,
ummeed,???? ,??????? ,   ,,
ustaad,????? ,?????? ,   ,,
umar,??? ,????? ,   ,,
urrna,????,?????,   ,,
unhi,???? ,????? ,   ,,
usool,???? ,????? ,   ,,
uttha,???? ,????? ,   ,,
usko,???? ,????? ,   ,,
uuff,??,???,   ,,
ullta,????,?????,   ,,
ulttay,?????,??????,   ,,
uzma,?????,??????,   ,,
uzr,???,????,   ,,
usoolon,?????? ,??????? ,   ,,
ulfat,????,??????,   ,,
ubhar,???? ,?????? ,   ,,
uttho,????,?????,   ,,
ugal,???,?????,   ,,
urdu,????,??????,   ,,
umdah,????,?????,   ,,
ubhartay,?????? ,???????? ,   ,,
unhon,????? ,?????? ,   ,,
ullu,???? ,????? ,   ,,
uuth,???,????,   ,,
ulama,????? ,??????? ,   ,,
uroosi,??????,????????,   ,,
urooj,????,??????,   ,,
ubhra,????? ,?????? ,   ,,
ujarrna,?????,???????,   ,,
unwaan,?????,??????,   ,,
uf,?? ,??? ,   ,,
uns,???,????,   ,,
ufaq,??? ,????? ,   ,,
udaasi,????? ,?????? ,   ,,
ustaani,??????,???????,   ,,
wali,???,????,   ,,
wusooq,???? ,?????? ,   ,,
waaqif,???? ,?????? ,   ,,
waraq,??? ,????? ,   ,,
wiraasat,?????,???????,   ,,
wakeel,???? ,?????? ,   ,,
waleemah,?????,???????,   ,,
wizaarat,?????,???????,   ,,
warnah,????,?????,   ,,
wardi,???? ,????? ,   ,,
wusat,???? ,????? ,   ,,
watan,??? ,????? ,   ,,
wirsah,????,?????,   ,,
wafaat,???? ,????? ,   ,,
waajid,????,?????,   ,,
waajib,????,?????,   ,,
wafa,??? ,???? ,   ,,
wajh,??? ,???? ,   ,,
waqfay,????,?????,   ,,
waqt,??? ,???? ,   ,,
wafd,??? ,???? ,   ,,
waabastah,??????,???????,   ,,
warid,????,?????,   ,,
waahid,????,?????,   ,,
waalidaen,??????,???????,   ,,
waleed,????,??????,   ,,
waalidah,?????,??????,   ,,
wasi,??? ,???? ,   ,,
wahi,,????,   ,,
waalaekum,??????,??????????,   ,,
wazaahatain,???????,?????????,   ,,
wahaan,???? ,????? ,   ,,
waasif,????,?????,   ,,
waqti,???? ,????? ,   ,,
waaqiah,?????,??????,   ,,
weer,???,????,   ,,
wusool,???? ,?????? ,   ,,
weeraanah,??????,???????,   ,,
waasiq,????,?????,   ,,
weeraani,??????,???????,   ,,
wazeefah,?????,???????,   ,,
wafer,????,??????,   ,,
wilaadat,????? ,??????? ,   ,,
witr,???,????,   ,,
waghaerah,?????,???????,   ,,
waseem,????,??????,   ,,
wahmi,???? ,????? ,   ,,
waesa,????,?????,   ,,
wazaahat,????? ,??????? ,   ,,
wafaadaar,?????? ,??????? ,   ,,
wazn,??? ,???? ,   ,,
wast,???,????,   ,,
wazeer,???? ,?????? ,   ,,
wuzu,??? ,???? ,   ,,
yagaanah,?????,??????,   ,,
yaasir,????,?????,   ,,
yaawar,????,?????,   ,,
yateem,????,??????,   ,,
yaqeen,???? ,?????? ,   ,,
yahoodiyon,???????,??????????,   ,,
yihi,???,????,   ,,
yazeed,???? ,????? ,   ,,
yaawah,????,?????,   ,,
yoonhi,????? ,?????? ,   ,,
yahaan,???? ,????? ,   ,,
yaum,???,????,   ,,
yaheen,????,??????,   ,,
yakh,?? ,??? ,   ,,
yalghaar,?????,??????,   ,,
yani,???? ,????? ,   ,,
yaka,???,????,   ,,
yaqeeni,????? ,??????? ,   ,,
yoon,??? ,???? ,   ,,
yaqoob,????? ,??????? ,   ,,
yoosuf,????,??????,   ,,
yaaseen,?????,??????,   ,,
yaqeenan,????? ,????????,   ,,
yahoodi,????? ,??????? ,   ,,
yaajooj,????? ,?????? ,   ,,
yaarab,?? ?? ,?? ??? ,   ,,
yakhni,???? ,????? ,   ,,
yaksaan,????? ,?????? ,   ,,
zamzam,????,??????       ,   ,,
zillat,???,??????,   ,,
zindagi,?????,???????, ,,
zameer,????,??????,,,
zakheerah,?????,????????,,,
zaman,???,?????,,,
zamaanah,?????,??????,,,
zamaanay,?????,??????,,,
zan,?? ,??? ,,,
zimmah,??? ,????? ,,,
zaeem,???? ,?????? ,,,
zam,?? ,??? ,,,
zar,?? ,??? ,,,
zindahbaad,???? ???,?????? ???,,,
zulfi,????,?????,,,
zakhm,???,????,,,
zimmah,???,?????,,,
zameen,????,??????,,,
zabah,???,????,,,
zahr,???,????,,,
zabaan,????,?????,,,
zahmat,????,??????,,,
zina,???,????,,,
zikr,???,????,,,
zakaat,????,?????? ,,,
zameendaar,???????,?????????,,,
zara,???,????,,,
zolaekhah,?????,??????? ,,,
zaalimeen,??????,????????,,,
zaawiyah,?????,??????,,,
zaahid,????,?????,,,
zadgi,????,?????,,,
zulf,???,????,,,
zulm,???,????,,,
zuljalaal,????????,??????????,,,
ziyaadati,??????,????????,,,
ziyaarat,?????,???????,,,
ziyaadah,?????,???????,,,
zair,???,????,,,
zaiwar,????,?????,,,
ziya,????,?????,,,
zaalimon,??????,???????,,,
zauq,???,????,,,
zaheen,????,??????,,,
zulfon,?????,??????,,,
zakhmi,????,?????,,,
zang,???,????,,,
zaroorat,?????,????????,,,
zabardast,??????,?????????,,,
zaroor,????,??????,,,
zuhr,???,????,,,
zihaanat,?????,???????,,,
zariyah,?????,???????,,,
zarooraton,???????,??????????,,,
zaroori,?????,???????,,,
zarrah,???,?????,,,
zalzalah,?????,???????,,,
zawaal,????,?????,,,
,,,,,
